Test Size,Accuracy
0.3,0.8888888888888888
0.4,0.7976190476190477
0.5,0.9047619047619048
